Kalina,93
Victoria,99
Rachel,81
Savannah,86
Alyssa,77
Makenzie,91
Angelina,73
Marina,86
Braedynn,87
Emma,83
Lorelie,66
Alayna,83
Jaclyn ,98
Zoey,75
Kayla,68
Korynne,80
Elliana,80
Julia,66
Madyson,76
Isabella,100
Harley,80
Marissa,76
Gracie,86
Riley,69
Cierra,84
Arianna,93
Alissa ,80
Sophia,90
Emilie,91
Lance,86
Julia,77
Ashyia,95
Adalene ,67
Ragan,70
Akira,88
Stephanie,86
Tsion,71
Samantha,82
Marissa,96
Alexia,86
Sierra,83
Dezarae,73
Terrance,74
Madalynn,83
Avery,100
Briana,96
Adam,72
Aalyssa,82
Jazmine,77
Madison,74
Kiersten,94
Jerika,89
Madison,92
Amanda,82
Alyssa,94
Colt,73
Dalton,81
Jakob,82
Trenton,69
Edward,97
Yomar,96
Nathan,67
Connor,76
Dustin,97
Quincy,87
Aidan,69
Peyton,75
Xavier,87
Deven,94
Brian,71
Devin,75
Elijah,68
Zachary,70
Connor,82
Isabella,73
Alexander,96
Ashton,68
Austin,82
Connor,81
Isabella,69
Genaia,74
Taylor,83
Jake,95
Kalyn,94
Christopher,87
Devin,75
Alessandro,77
Hailee,74
Lakeisha,75
Lydia,79
Arthur,73
Andrew,89
Isabella,95
Coltyn,86
Michael,77
Haley,89
Robert,67
Kaytelynn,69
Kaytelynn,81
Samuel,98
Fatima,72
Amari,84
Alison,94
Adreanna,77
Mahkaylah,95
Caithyrn,91
Felisha,85
Danielle,86
Yazmine ,78
Kamryn,93
Esther,100
Sa?riya,68
Katya,92
Breona,74
Nya,69
Haylie,69
Ariana,66
Sarah,87
Emma,78
Hannah,74
Katherine ,86
Chasity,76
Jeanna,76
Alissa,83
Allen,69
Leo,89
Sierra,93
Vanessa,81
Angelo,100
Danielle,100
Azlynn,89
Samantha,74
Aaron,97
Dezarae,91
Alayna,81
Derek,73
Cameron,99
Sean,87
Evan,89
Cherokee,77
Hailey,67
Christopher,87
Nathaniel,92
Jada,84
Kiyan,80
John,66
Ella,72
Mackenzie,98
Luke,93
Caitlyn,82
Mykavien,66
Isabelle,85
Justin,98
Nicco,78
Jordan,87
Bryce,95
Miranda,78
Austin,94
Nikolaus,81
Macie,90
Elion,67
Ja'quez,84
Jacob,69
Hailea,70
Aryn,81
Deacon,66
Donna,77
Hannah,68
Zachary,81
Kadin,86
Matthew,77
Lane,73
Mark,90
Lianna,79
Michael,79
Jayden,85
Tyreek,86
Devon,97
Matthew,81
Cheyenne,80
Nicolai,100
Login,66
Alexander,71
Cutter,94
Melvin,96
Nathan,73
Faith,71
Trent,67
Makayle,83
Alex,66
Dylan,84
Jordan,68
Lincoln,87
Jared ,73
Ryan,67
Isaiah,88
Keaton,87
Braden,77
Mason,73
Olga,88
Tyler,68
Olivia,73
Katie,98
Grant,77
Malakai,89
Katelynn,73
Mario,88
Matthew,83
Ashjalae ,90
Celeste ,79
Bradley,70
Erin,91
Salena,69
Brycen,81
Brenda,78
Petrina ,86
Lauren,87
Charity,99
Levi,81
Delaney ,90
Domonique,85
Kelly,69
Ryan Yeager,83
