Name,Age
Kalina,93
Taylor,49
Danielle,59
Victoria,99
Rachel,81
Alyssa,39
Savannah,86
Alyssa,77
Makenzie,91
Sarah,64
Ashlyn,25
Angelina,73
Marina,86
Braedynn,87
Emma,83
Alicia,29
Lorelie,66
Alayna,83
Ariel,52
Jaclyn ,98
Zoey,75
Kayla,68
Quest,37
Korynne,80
Maleah,64
Liyah,53
Elliana,80
Meekah,37
Julia,66
Madyson,76
Destiny,46
Sierra,64
Aleah,49
Angelina,59
Isabella,100
Kieran ,44
Alanna,46
Kayla,34
Mia,59
Mariah,57
Harley,80
Marissa,76
Gracie,86
Riley,69
Cierra,84
Arianna,93
Alissa ,80
Chloe,32
Trenyce,33
Kimberly ,30
Alyssa,52
Elena,47
Mya,54
Brenden,28
Sophia,90
Calista,49
Abigail,27
Emilie,91
Brooke,42
Angelina ,34
Lance,86
Rian,48
Atticus,20
Julia,77
Melina,54
Ashyia,95
Sydney,21
Kendall,65
Anna,46
Emmarose,26
Mina,24
Adalene ,67
Bresiah,58
Jaxon,23
Ragan,70
Riley,21
Akira,88
Stephanie,86
Tsion,71
Rusti,53
Samantha,82
Julia,61
Marissa,96
Braydin,56
Jasmine,54
Alexia,86
Madelynne,47
Eloise,65
Isabel,51
Faith,29
Jesse,56
Devon,28
Crimson,53
Sierra,83
Isaac,38
Sammantha,64
Dezarae,73
Kohl,56
Nicole,38
Terrance,74
Ayris,34
Madalynn,83
Dakota,40
Alyssa,50
Ivy,61
Noah,55
Avery,100
Briana,96
Adam,72
Aalyssa,82
Jazmine,77
Ronda,32
Angel,63
Taylor,30
Maniyah,55
Madison,74
Miranda,39
Kiersten,94
Gianna,25
Lynnz,45
Helena,20
Gwen,63
Kiley,46
Jerika,89
Madison,92
Meganne,21
Amanda,82
Idayah,27
Alyssa,94
Mercedes,51
Sean,21
Devin,51
Connor,41
Colt,73
Dalton,81
Jacob,29
Dominic ,28
Dustin,31
Evan,61
Jakob,82
Patrick,41
Trenton,69
Edward,97
Sam,31
Rebeca,20
Adam,50
Yomar,96
Nathan,67
Connor,76
Dustin,97
Quincy,87
Joshua,59
Ian,49
Aidan,69
Sean,49
Peyton,75
Paul,55
Xavier,87
Deven,94
Allen,60
Dean,42
Ronald,33
Reese,31
Amy,42
Justin ,49
Brian,71
Devin,75
Rees,40
Elizabeth,34
Philomena,54
Cooper,39
Elijah,68
 Charles,52
Jacob,39
Landen,52
Mason,39
Zachary,70
Connor,82
Gary,45
Isabella,73
Alexander,96
Ashton,68
Austin,82
Connor,81
Andrew,29
John ,33
Jason,50
Erik,37
Isabella,69
Genaia,74
Cadence,48
Corey,41
Abigail,46
Taylor,83
Anthony,55
Hailey,34
Anthony,44
Chad,63
Kyrah,42
Jake,95
Tori,46
Kimara,64
Krista,45
Kalyn,94
Christopher,87
Zach,35
Devin,75
Mary,33
Alessandro,77
Autumn,44
Hailee,74
Hannah ,34
Lakeisha,75
Jeremy,56
Lydia,79
Arthur,73
Andrew,89
Isabella,95
Coltyn,86
Michael,77
Essence,64
Haley,89
Jayden,46
Robert,67
Kaytelynn,69
Kaytelynn,81
Samuel,98
Fatima,72
Amari,84
Tierni,65
Alison,94
Adreanna,77
Rachael ,27
Mahkaylah,95
Caithyrn,91
Sanayah,52
Lexis,28
Breanna,56
Felisha,85
Sofia,63
Elizabeth,60
Danielle,86
Nevaeh,26
Nina ,59
Yazmine ,78
De'ayshia,38
Kamryn,93
Esther,100
Rebecca ,21
Kimberly,52
Maliyah,40
Sa?riya,68
Brooke,38
Jersie,25
Dylan,28
Jennifer,27
Nikki,53
Grace ,39
Hannah,43
Katya,92
Breona,74
Gracie,25
Jonnie,46
Annika,60
Nya,69
Haylie,69
Isabella,29
Jasmine ,31
Joshua,60
Ariana,66
Elijah,33
Sabrina,34
Shannon,64
Sarah,87
Emili,60
Scarlett,51
Emma,78
Autumn,34
Hannah,74
Kayla,51
Madison,27
Katherine ,86
Jessica,32
Gracie,38
Dakota,24
Bryan,24
Brianna,65
Chasity,76
Jeanna,76
Ryley,49
Asia,24
Alissa,83
Rolando,35
Allen,69
Reagan,22
Leo,89
Makenna,45
Sierra,93
Vanessa,81
Angelo,100
Ziola,41
Danielle,100
Azlynn,89
Samantha,74
Jessica,46
Austin,63
Aaron,97
Dezarae,91
Mikayla,36
Alayna,81
Derek,73
Dominic,34
Cameron,99
Brandon,63
Sean,87
Evan,89
Cherokee,77
Hailey,67
Neel,31
Christopher,87
Jaylin,54
Nathaniel,92
Jada,84
Zachary,34
Kiyan,80
Gavin,37
Gabriel ,27
Alyse,56
Shawn,22
Aidan,47
John,66
Rachel,37
Reziah,23
Ella,72
Leeanna ,38
Matthew,32
Steven,27
Mackenzie,98
Carter,21
Christen,29
Luke,93
Brandon,56
Amanda,28
Cayla,63
Caitlyn,82
Mykavien,66
Isabelle,85
Justin,98
Trajshaya,38
Nicco,78
Lucas,21
Jordan,87
Bryce,95
Thomas,27
Hayden,21
Josiah,63
Miranda,78
Austin,94
Luna,29
Nikolaus,81
Charles,43
Macie,90
Colin ,51
Maximus,49
Elion,67
Ja'quez,84
Jacob,69
Connor,44
Noah,20
Hailea,70
Quentin,58
Anthony,65
Colin,33
Bradley,21
Blake ,62
Aryn,81
Deacon,66
Kaden,53
Mason,36
Donna,77
Ryan,46
Ryan,35
Zoe,57
Hannah,68
Zachary,81
Kadin,86
Dawson,62
Matthew,77
Lane,73
Rocksan,61
Zachery,55
Ronald,27
Mark,90
Seth,40
Robert,28
Austin,52
Lianna,79
Gavin,28
David ,52
Michael,79
Alexander,59
Mason,27
Austin,40
Shane,58
Jayden,85
Tyreek,86
Steffen,54
Devon,97
Matthew,81
Jonathan,22
Payton,65
Cheyenne,80
Nicolai,100
Tyler,36
Login,66
Payton,63
Alexander,71
Cutter,94
Melvin,96
Maxwell,23
Nathan,73
Faith,71
Trent,67
Makayle,83
Alex,66
Dylan,84
Christian,32
Landyn,32
Jordan,68
Zachary,21
Zachary,47
Toby,55
Lincoln,87
Ryan,29
Jared ,73
Ryan,67
Gavin,30
Kenneth,63
Lucas,65
Isaiah,88
Tyler ,49
Chloe,42
Keaton,87
Chassity,34
Aden,46
Josiah,46
David,28
Braden,77
Mason,73
Olga,88
Tyler,68
Olivia,73
Anthony,20
Katie,98
Ashton,23
Grant,77
Christian,45
Julianna,40
Konner,24
Malakai,89
Jordan,20
Bryce,45
Marquis,22
Katelynn,73
Kayla,27
Mario,88
Matthew,83
Jessicia,27
Jacob,30
Kristlyn,22
Logan,30
Ashjalae ,90
Celeste ,79
Chloe,51
Bradley,70
Erin,91
Salena,69
Brycen,81
Brenda,78
David,42
Petrina ,86
Mackenzie,64
Noah,62
Markaysia,27
Carter,26
Lauren,87
Davon,34
Michael ,21
Madison,51
Bryan,24
Samantha,52
Brandon,30
Ariel,42
Charity,99
Levi,81
Delaney ,90
Anthony,32
Shyla,44
Grace,35
Domonique,85
Joshua,26
Tony,62
Emily,60
Kelly,69
Ian,62
Ryan Yeager,83